Name,Tm,R,HR,RBI,SB,OBP
CJ Abrams,Washington,92,19,60,31,0.315
Wilyer Abreu,Boston,53,22,69,6,0.314
Maximo Acosta,Miami,7,3,5,1,0.295
Luisangel Acu\xc3\xb1a,New York,30,0,8,16,0.293
Ronald Acu\xc3\xb1a Jr.,Atlanta,74,21,42,9,0.417
Willy Adames,San Francisco,94,30,87,12,0.318
Jordyn Adams,Baltimore,1,0,0,0,0.0
Riley Adams,Washington,29,8,24,1,0.252
Jo Adell,Los Angeles,63,37,98,5,0.293
Nick Ahmed,Texas,1,0,0,1,0.1
Ozzie Albies,Atlanta,74,16,74,14,0.306
Kevin Alc\xc3\xa1ntara,Chicago,2,0,1,1,0.417
Sergio Alc\xc3\xa1ntara,San Francisco,0,0,0,0,0.0
Blaze Alexander,Arizona,31,7,28,4,0.323
CJ Alexander,Athletics,0,0,0,0,0.176
Tyler Alexander,Chicago,0,0,0,0,0.0
Jorge Alfaro,Washington,3,0,3,1,0.256
Greg Allen,Baltimore,1,0,0,0,0.0
Nick Allen,Atlanta,32,0,22,8,0.284
Pete Alonso,New York,87,38,126,1,0.347
Jose Altuve,Houston,80,26,77,10,0.329
Francisco Alvarez,New York,32,11,32,0,0.339
Nacho Alvarez Jr.,Atlanta,18,2,15,0,0.296
Yordan Alvarez,Houston,17,6,27,1,0.367
Adael Amador,Colorado,5,1,10,1,0.256
Jacob Amaya,Chicago,7,0,8,2,0.139
Miguel Amaya,Chicago,14,4,25,0,0.314
Tim Anderson,Los Angeles,8,0,3,1,0.258
Miguel Andujar,"Athletics,Cincinnati",37,10,44,1,0.35
Roman Anthony,Boston,48,8,32,4,0.396
Jonathan Aranda,Tampa Bay,56,14,59,0,0.393
Orlando Arcia,"Atlanta,Colorado",13,3,13,0,0.238
Nolan Arenado,St. Louis,48,12,52,3,0.289
Gabriel Arias,Cleveland,44,11,55,8,0.273
Randy Arozarena,Seattle,105,28,78,36,0.332
Luis Arraez,San Diego,66,8,61,12,0.325
Drew Avans,"Athletics,Milwaukee",1,0,1,1,0.111
Jos\xc3\xa9 Az\xc3\xb3car,"Atlanta,New York",5,0,1,1,0.333
Akil Baddoo,Detroit,0,0,1,1,0.167
Harrison Bader,"Minnesota,Philadelphia",61,17,55,11,0.349
Jihwan Bae,Pittsburgh,4,0,0,4,0.24
Javier B\xc3\xa1ez,Detroit,58,13,62,6,0.286
Patrick Bailey,San Francisco,47,6,55,1,0.277
Luken Baker,St. Louis,3,0,2,0,0.366
Brooks Baldwin,Chicago,32,11,38,5,0.29
Drake Baldwin,Atlanta,56,19,80,0,0.341
Mois\xc3\xa9s Ballesteros,Chicago,12,2,11,0,0.377
Will Banfield,Cincinnati,0,0,0,0,0.1
David Ba\xc3\xb1uelos,Baltimore,0,0,0,0,0.5
Addison Barger,Toronto,69,24,83,4,0.318
Austin Barnes,Los Angeles,4,0,2,0,0.233
Tucker Barnhart,Texas,0,0,0,0,0.333
Jose Barrero,St. Louis,4,1,3,0,0.194
Jorge Barrosa,Arizona,8,1,7,0,0.169
Joey Bart,Pittsburgh,21,4,30,1,0.355
Samuel Basallo,Baltimore,10,4,15,0,0.229
Brett Baty,New York,53,18,50,8,0.313
Jake Bauers,Milwaukee,29,8,31,9,0.353
Dylan Beavers,Baltimore,16,4,14,2,0.375
Jordan Beck,Colorado,62,16,53,19,0.317
Josh Bell,Washington,54,22,63,0,0.325
Cody Bellinger,New York,93,30,102,13,0.33
Andrew Benintendi,Chicago,57,20,63,1,0.307
Will Benson,Cincinnati,31,12,41,2,0.275
Warming Bernabel,Colorado,15,4,14,1,0.288
Steward Berroa,Milwaukee,0,0,0,1,0.167
Jon Berti,Chicago,12,0,2,11,0.262
Mookie Betts,Los Angeles,99,20,90,8,0.327
Bo Bichette,Toronto,80,19,100,4,0.36
Cavan Biggio,Kansas City,9,1,4,1,0.296
Tyler Black,Milwaukee,1,0,1,0,0.538
Dairon Blanco,Kansas City,2,0,1,3,0.167
JJ Bleday,Athletics,48,14,39,1,0.294
Ryan Bliss,Seattle,1,1,3,2,0.282
Xander Bogaerts,San Diego,63,11,54,21,0.329
Alec Bohm,Philadelphia,56,11,59,2,0.339
Sean Bouchard,Colorado,7,1,7,1,0.247
Rob Brantly,Miami,0,0,1,0,0.429
Alex Bregman,Boston,64,18,63,1,0.362
Will Brennan,Cleveland,0,0,0,0,0.231
Jonah Bride,"Miami,Minnesota",7,0,5,0,0.248
Trenton Brooks,San Diego,5,1,2,0,0.186
Seth Brown,Athletics,6,1,3,1,0.303
Vidal Bruj\xc3\xa1n,"Atlanta,Baltimore,Chicago",14,0,8,2,0.305
Kris Bryant,Colorado,2,0,1,0,0.195
Jake Burger,Texas,43,16,53,1,0.269
Alec Burleson,St. Louis,54,18,69,5,0.343
Michael Busch,Chicago,82,38,94,4,0.345
Lawrence Butler,Athletics,83,21,63,22,0.306
Byron Buxton,Minnesota,97,35,83,24,0.327
Jos\xc3\xa9 Caballero,"New York,Tampa Bay",52,5,36,49,0.34
Oswaldo Cabrera,New York,17,1,11,0,0.322
Jac Caglianone,Kansas City,19,7,18,1,0.237
Owen Caissie,Chicago,4,1,4,0,0.222
Alex Call,"Los Angeles,Washington",44,5,31,2,0.369
Tyler Callihan,Cincinnati,0,0,1,0,0.167
Daz Cameron,Milwaukee,7,1,3,1,0.214
Junior Caminero,Tampa Bay,93,45,110,7,0.311
Kristian Campbell,Boston,24,6,21,2,0.319
Gustavo Campero,Los Angeles,9,3,8,4,0.273
Luis Campusano,San Diego,0,0,0,0,0.222
Alexander Canario,Pittsburgh,25,6,20,3,0.274
Jeimer Candelario,Cincinnati,3,2,10,0,0.198
Mark Canha,Kansas City,9,1,6,0,0.272
Dominic Canzone,Seattle,31,11,33,3,0.336
Vinny Capra,"Chicago,Milwaukee",10,1,6,2,0.157
Victor Caratini,Houston,35,12,46,1,0.324
Dylan Carlson,Baltimore,17,6,20,3,0.278
Kerry Carpenter,Detroit,70,28,68,1,0.301
Corbin Carroll,Arizona,107,31,84,32,0.343
Evan Carter,Texas,31,5,25,14,0.336
Triston Casas,Boston,5,3,11,0,0.277
Nick Castellanos,Philadelphia,73,17,75,4,0.29
Willi Castro,"Chicago,Minnesota",58,11,33,10,0.313
Andr\xc3\xa9s Chaparro,Washington,4,1,5,0,0.247
Matt Chapman,San Francisco,76,21,61,9,0.34
Tsung-Che Cheng,Pittsburgh,0,0,0,0,0.0
Jazz Chisholm Jr.,New York,78,32,81,31,0.33
Jackson Chourio,Milwaukee,91,23,86,21,0.308
Nathan Church,St. Louis,9,1,8,1,0.254
Denzel Clarke,Athletics,18,3,8,6,0.274
Jonatan Clase,Toronto,10,2,9,3,0.288
Kody Clemens,"Minnesota,Philadelphia",46,19,52,5,0.281
Ernie Clement,Toronto,96,10,59,7,0.325
Zach Cole,Houston,9,4,11,3,0.327
Isaac Collins,Milwaukee,57,9,54,16,0.362
Michael Conforto,Los Angeles,54,12,36,1,0.305
Griffin Conine,Miami,13,2,8,0,0.314
William Contreras,Milwaukee,94,19,79,6,0.352
Willson Contreras,St. Louis,70,20,80,5,0.344
Billy Cook,Pittsburgh,1,0,0,0,0.333
Kenedy Corona,Houston,0,0,0,0,0.5
Carlos Correa,"Houston,Minnesota",63,13,52,0,0.332
Carlos Cortes,Athletics,11,4,14,0,0.323
Colton Cowser,Baltimore,36,16,40,14,0.269
J.P. Crawford,Seattle,72,13,62,8,0.346
Dylan Crews,Washington,43,10,27,17,0.28
Blaine Crim,"Colorado,Texas",10,5,12,0,0.27
Jake Cronenworth,San Diego,61,11,59,3,0.359
Jimmy Crooks,St. Louis,3,1,1,0,0.152
Pete Crow-Armstrong,Chicago,91,31,98,36,0.284
Oneil Cruz,Pittsburgh,62,20,61,38,0.298
Travis d\'Arnaud,Los Angeles,16,6,21,0,0.255
Bobby Dalbec,Chicago,2,0,1,0,0.333
Logan Davidson,"Athletics,Los Angeles",3,1,4,0,0.222
Henry Davis,Pittsburgh,25,7,22,2,0.234
J.D. Davis,Los Angeles,0,0,0,0,0.111
Bryan De La Cruz,Atlanta,1,0,0,1,0.24
Elly De La Cruz,Cincinnati,103,22,88,37,0.335
Justin Dean,Los Angeles,0,0,0,1,0.0
Paul DeJong,Washington,18,6,23,4,0.269
Adrian Del Castillo,Arizona,9,4,17,0,0.29
Chase DeLauter,Cleveland,0,0,0,0,0.286
Jonny DeLuca,Tampa Bay,5,0,4,6,0.356
Cam Devanney,Pittsburgh,1,0,1,0,0.184
Rafael Devers,"Boston,San Francisco",99,35,109,1,0.372
Zach Dezenzo,Houston,17,2,10,1,0.321
Elias D\xc3\xadaz,San Diego,34,9,29,0,0.27
Yainer Diaz,Houston,56,20,70,1,0.284
Yandy D\xc3\xadaz,Tampa Bay,79,25,83,3,0.366
Dillon Dingler,Detroit,57,14,59,0,0.325
Jasson Dom\xc3\xadnguez,New York,59,10,47,23,0.333
Brendan Donovan,St. Louis,64,10,50,3,0.353
Brenton Doyle,Colorado,57,15,57,18,0.274
Mauricio Dub\xc3\xb3n,Houston,43,7,33,3,0.289
Blake Dunn,Cincinnati,10,1,7,1,0.32
Oliver Dunn,Milwaukee,4,0,6,1,0.205
Ezequiel Duran,Texas,16,0,14,11,0.266
Jarren Duran,Boston,87,16,84,24,0.33
Caleb Durbin,Milwaukee,63,11,55,21,0.336
Nate Eaton,Boston,16,1,4,9,0.358
Tommy Edman,Los Angeles,54,15,57,3,0.271
Xavier Edwards,Miami,75,3,43,27,0.343
Bryce Eldridge,San Francisco,1,0,4,0,0.297
Tim Elko,Chicago,6,4,8,1,0.194
Jerar Encarnacion,San Francisco,5,2,7,1,0.214
Christian Encarnacion-Strand,Cincinnati,13,6,19,0,0.234
Tristin English,Arizona,0,0,1,0,0.13
J.C. Escarra,New York,5,2,11,1,0.296
Santiago Espinal,Cincinnati,25,0,16,2,0.292
Thairo Estrada,Colorado,14,3,21,1,0.285
Stuart Fairchild,Atlanta,7,0,2,2,0.273
Kyle Farmer,Colorado,24,8,31,0,0.28
Hunter Feduccia,"Los Angeles,Tampa Bay",5,0,8,1,0.267
Freddy Fermin,"Kansas City,San Diego",32,5,26,1,0.299
Jos\xc3\xa9 Ferm\xc3\xadn,St. Louis,5,1,9,2,0.377
Yanquiel Fern\xc3\xa1ndez,Colorado,13,4,11,0,0.265
Ryan Fitzgerald,Minnesota,10,4,9,1,0.302
Tyler Fitzgerald,San Francisco,19,4,14,9,0.278
Dominic Fletcher,Chicago,5,1,2,1,0.265
Rafael Flores,Pittsburgh,0,0,0,0,0.294
Wilmer Flores,San Francisco,44,16,71,1,0.307
Harry Ford,Seattle,1,0,1,0,0.333
Nick Fortes,"Miami,Tampa Bay",19,5,21,1,0.296
Justin Foscue,Texas,0,0,2,0,0.111
Jake Fraley,"Atlanta,Cincinnati",31,6,23,4,0.332
Ty France,"Minnesota,Toronto",50,7,53,1,0.32
Adam Frazier,"Kansas City,Pittsburgh",43,7,44,8,0.319
Alex Freeland,Los Angeles,10,2,6,1,0.292
Cody Freeman,Texas,13,3,15,1,0.258
Freddie Freeman,Los Angeles,88,26,93,7,0.364
Tyler Freeman,Colorado,50,2,31,18,0.354
Sal Frelick,Milwaukee,78,12,64,20,0.343
TJ Friedl,Cincinnati,82,14,53,12,0.363
David Fry,Cleveland,16,8,23,1,0.229
Braxton Fulford,Colorado,11,1,16,1,0.267
Adolis Garc\xc3\xada,Texas,58,19,75,13,0.271
Aramis Garcia,Arizona,0,0,0,0,0.0
Jhostynxon Garcia,Boston,0,0,0,0,0.333
Luis Garc\xc3\xada Jr.,Washington,67,16,66,14,0.289
Maikel Garcia,Kansas City,81,16,74,22,0.351
Mitch Garver,Seattle,29,9,31,3,0.298
Mickey Gasper,Minnesota,15,2,11,2,0.257
Zack Gelof,Athletics,12,2,7,1,0.23
Drew Gilbert,San Francisco,12,3,13,1,0.248
Andr\xc3\xa9s Gim\xc3\xa9nez,Toronto,49,9,47,13,0.286
Paul Goldschmidt,New York,77,10,45,5,0.332
Nick Gonzales,Pittsburgh,39,5,30,0,0.299
Oscar Gonz\xc3\xa1lez,San Diego,2,0,4,0,0.246
Romy Gonzalez,Boston,47,9,53,6,0.337
Hunter Goodman,Colorado,73,31,91,1,0.323
Nolan Gorman,St. Louis,48,14,46,1,0.296
Matt Gorski,Pittsburgh,2,2,4,0,0.214
Tristan Gray,Tampa Bay,9,3,9,0,0.282
Riley Greene,Detroit,88,37,113,2,0.31
Randal Grichuk,"Arizona,Kansas City",35,9,27,0,0.273
Trent Grisham,New York,91,34,74,4,0.341
Vladimir Guerrero Jr.,Toronto,114,31,99,6,0.394
Luis Guillorme,Houston,2,0,0,0,0.19
Lourdes Gurriel Jr.,Arizona,52,19,80,10,0.295
Yuli Gurriel,San Diego,2,0,3,0,0.2
Denzer Guzman,Los Angeles,4,2,3,0,0.209
Eric Haase,Milwaukee,11,2,9,0,0.289
Sam Haggerty,Texas,31,2,13,12,0.328
Petey Halpin,Cleveland,5,0,0,0,0.5
David Hamilton,Boston,27,6,19,22,0.257
Garrett Hampson,"Arizona,Cincinnati,St. Louis",19,0,1,3,0.25
Maverick Handley,Baltimore,2,0,3,0,0.133
Ian Happ,Chicago,90,25,83,6,0.334
Bryce Harper,Philadelphia,73,27,75,12,0.356
Brett Harris,Athletics,11,0,5,1,0.349
Dustin Harris,Texas,5,1,2,1,0.256
Michael Harris II,Atlanta,55,20,86,20,0.268
Robert Hassell III,Washington,22,3,18,4,0.257
Ke\'Bryan Hayes,"Cincinnati,Pittsburgh",50,5,49,12,0.287
Austin Hays,Cincinnati,63,15,64,7,0.314
Austin Hedges,Cleveland,13,5,10,1,0.257
Jonah Heim,Texas,38,11,43,3,0.271
Tyler Heineman,Toronto,25,3,20,2,0.355
Michael Helman,Texas,18,5,20,4,0.29
Gunnar Henderson,Baltimore,85,17,68,30,0.349
Darell Hernaiz,Athletics,17,2,16,3,0.292
Enrique Hern\xc3\xa1ndez,Los Angeles,39,11,42,0,0.262
Heriberto Hern\xc3\xa1ndez,Miami,40,10,45,1,0.347
Teoscar Hern\xc3\xa1ndez,Los Angeles,73,30,102,5,0.287
Iv\xc3\xa1n Herrera,St. Louis,54,19,66,8,0.373
Jos\xc3\xa9 Herrera,Arizona,21,2,17,0,0.285
Jason Heyward,San Diego,9,2,12,0,0.223
Brewer Hicklen,Detroit,2,0,0,1,0.75
Liam Hicks,Miami,37,6,45,2,0.346
Kyle Higashioka,Texas,33,11,47,3,0.291
Derek Hill,"Chicago,Miami",19,3,11,7,0.281
Sam Hilliard,Colorado,8,2,3,2,0.328
Rece Hinds,Cincinnati,6,2,3,0,0.136
Keston Hiura,Colorado,3,0,1,0,0.333
Nico Hoerner,Chicago,93,8,63,30,0.349
Jackson Holliday,Baltimore,70,17,55,17,0.314
Spencer Horwitz,Pittsburgh,55,11,51,0,0.353
Rhys Hoskins,Milwaukee,30,12,43,2,0.332
Brady House,Washington,26,4,29,5,0.252
Sam Huff,San Francisco,5,2,4,0,0.259
Cooper Hummel,"Baltimore,Houston",10,3,7,1,0.298
Jacob Hurtubise,Cincinnati,3,0,0,0,0.267
Andy Ib\xc3\xa1\xc3\xb1ez,Detroit,24,4,22,4,0.304
Jose Iglesias,San Diego,29,3,36,5,0.296
Jonathan India,Kansas City,63,9,45,0,0.323
Kyle Isbel,Kansas City,42,4,33,4,0.301
Alex Jackson,Baltimore,17,5,8,0,0.29
Jeremiah Jackson,Baltimore,20,5,21,0,0.328
Travis Jankowski,"Chicago,New York,Tampa Bay",8,0,2,2,0.286
Danny Jansen,"Milwaukee,Tampa Bay",38,14,36,0,0.321
Ryan Jeffers,Minnesota,47,9,47,1,0.356
Carter Jensen,Kansas City,12,3,13,0,0.391
Leo Jimenez,Toronto,2,1,1,0,0.129
Connor Joe,"Cincinnati,San Diego",2,0,4,2,0.263
Bryce Johnson,San Diego,9,1,8,4,0.381
Daniel Johnson,"Baltimore,San Francisco",13,1,1,2,0.246
Troy Johnston,Miami,12,4,13,2,0.331
Greg Jones,Chicago,0,0,0,1,0.0
Jahmai Jones,Detroit,23,7,24,2,0.396
Nolan Jones,Cleveland,34,5,34,8,0.296
Aaron Judge,New York,142,54,121,12,0.462
Edouard Julien,Minnesota,13,3,12,0,0.309
Corey Julks,Chicago,2,0,1,0,0.231
Jace Jung,Detroit,8,0,3,0,0.236
Josh Jung,Texas,53,14,61,3,0.294
Connor Kaiser,Arizona,1,0,2,0,0.158
Kyle Karros,Colorado,20,1,9,0,0.308
Niko Kavadas,Los Angeles,0,0,0,0,0.217
CJ Kayfus,Cleveland,16,4,19,4,0.292
Luke Keaschall,Minnesota,25,4,28,14,0.382
DaShawn Keirsey Jr.,Minnesota,11,2,6,10,0.138
Colt Keith,Detroit,65,13,45,1,0.328
Jarred Kelenic,Atlanta,7,2,2,0,0.231
Carson Kelly,Chicago,50,18,51,2,0.326
Otto Kemp,Philadelphia,26,8,28,2,0.295
Buddy Kennedy,"Los Angeles,Philadelphia,Toronto",2,0,1,0,0.156
Max Kepler,Philadelphia,61,18,52,4,0.301
Carter Kieboom,Los Angeles,0,0,1,0,0.25
Ha-Seong Kim,"Atlanta,Tampa Bay",19,5,17,6,0.304
Hyeseong Kim,Los Angeles,19,3,17,13,0.314
Isiah Kiner-Falefa,"Pittsburgh,Toronto",49,2,42,16,0.289
Scott Kingery,Los Angeles,3,0,0,1,0.207
Alejandro Kirk,Toronto,56,20,89,1,0.348
Heston Kjerstad,Baltimore,16,4,19,1,0.24
Andrew Knizner,San Francisco,12,1,5,0,0.299
Christian Koss,San Francisco,25,3,23,4,0.309
Ryan Kreidler,Detroit,5,0,0,2,0.19
Nick Kurtz,Athletics,90,36,86,2,0.383
Steven Kwan,Cleveland,83,11,56,21,0.328
Shea Langeliers,Athletics,73,31,72,7,0.325
Wyatt Langford,Texas,73,22,62,22,0.344
Trevor Larnach,Minnesota,62,17,60,4,0.323
Ram\xc3\xb3n Laureano,"Baltimore,San Diego",72,24,76,7,0.342
Jordan Lawlar,Arizona,9,0,5,2,0.257
Brooks Lee,Minnesota,50,16,64,3,0.285
Jung Hoo Lee,San Francisco,73,8,55,10,0.327
Korey Lee,Chicago,10,1,3,0,0.333
Jack Leiter,Texas,0,0,0,0,0.0
DJ LeMahieu,New York,13,2,12,0,0.338
Sandy Le\xc3\xb3n,Atlanta,1,1,3,0,0.083
Royce Lewis,Minnesota,36,13,52,12,0.283
Daylen Lile,Washington,51,9,41,8,0.347
Francisco Lindor,New York,117,31,86,31,0.346
Trey Lipscomb,Washington,1,0,0,0,0.5
Tyler Locklear,Arizona,11,3,6,3,0.267
Brandon Lockridge,"Milwaukee,San Diego",17,0,11,10,0.272
Nick Loftin,Kansas City,17,4,20,1,0.278
Joey Loperfido,Toronto,12,4,14,1,0.375
Nicky Lopez,"Chicago,Los Angeles",2,0,1,0,0.179
Otto Lopez,Miami,66,15,77,15,0.305
Brandon Lowe,Tampa Bay,79,31,83,3,0.307
Josh Lowe,Tampa Bay,56,11,40,18,0.283
Nathaniel Lowe,"Boston,Washington",64,18,84,1,0.305
Matthew Lugo,Los Angeles,9,4,9,0,0.243
Nathan Lukes,Toronto,60,12,73,2,0.323
Gavin Lux,Cincinnati,51,5,53,1,0.352
Manny Machado,San Diego,92,28,97,14,0.333
Vimael Mach\xc3\xadn,Baltimore,1,1,1,0,0.167
Willie MacIver,Athletics,7,3,9,3,0.252
Luke Maile,Kansas City,6,1,6,1,0.346
Mart\xc3\xadn Maldonado,San Diego,11,4,12,0,0.245
Justyn-Henry Malloy,Detroit,15,1,17,0,0.344
Jake Mangum,Tampa Bay,37,3,40,27,0.33
Kyle Manzardo,Cleveland,47,27,70,2,0.309
Rafael March\xc3\xa1n,Philadelphia,9,2,13,0,0.282
Manuel Margot,Detroit,1,0,3,0,0.3
Jakob Marsee,Miami,28,5,33,14,0.363
Brandon Marsh,Philadelphia,60,11,44,7,0.335
Ketel Marte,Arizona,87,28,72,4,0.376
Noelvi Marte,Cincinnati,46,14,51,10,0.299
Starling Marte,New York,37,9,34,7,0.335
Austin Martin,Minnesota,22,1,7,11,0.374
Angel Mart\xc3\xadnez,Cleveland,57,11,45,8,0.27
Nick Martini,Colorado,9,1,4,0,0.288
Michael Massey,Kansas City,20,3,20,2,0.268
Miles Mastrobuoni,Seattle,20,1,12,6,0.322
Jorge Mateo,Baltimore,9,1,3,15,0.217
Nick Maton,Chicago,5,2,4,0,0.286
Luis Matos,San Francisco,26,8,22,4,0.266
Brice Matthews,Houston,6,4,9,1,0.222
Ronny Mauricio,New York,19,6,10,4,0.293
Marcelo Mayer,Boston,19,4,10,0,0.272
Coby Mayo,Baltimore,30,11,28,3,0.299
James McCann,Arizona,18,5,17,0,0.324
Jake McCarthy,Arizona,18,4,20,6,0.247
Chas McCormick,Houston,13,1,5,2,0.279
Mason McCoy,San Diego,5,0,1,2,0.269
Grant McCray,San Francisco,3,0,2,0,0.16
Carson McCusker,Minnesota,0,0,1,0,0.2
Andrew McCutchen,Pittsburgh,51,13,57,1,0.333
Reese McGuire,Chicago,17,9,24,0,0.245
Billy McKinney,Texas,4,0,1,0,0.238
Zach McKinstry,Detroit,70,12,52,20,0.33
Matt McLain,Cincinnati,74,15,50,18,0.301
Ryan McMahon,"Colorado,New York",64,21,54,3,0.313
Jeff McNeil,New York,42,12,54,3,0.335
Curtis Mead,"Chicago,Tampa Bay",26,3,19,5,0.299
Parker Meadows,Detroit,25,4,16,4,0.276
Chase Meidroth,Chicago,54,5,23,14,0.329
MJ Melendez,Kansas City,5,1,1,0,0.154
Jacob Melton,Houston,7,0,7,7,0.234
Jackson Merrill,San Diego,61,17,69,1,0.318
Matt Mervis,Miami,15,7,14,0,0.254
V\xc3\xadctor Mesa Jr.,Miami,7,1,6,0,0.297
Jake Meyers,Houston,53,3,24,16,0.354
Drew Millas,Washington,6,0,7,2,0.358
Owen Miller,Colorado,0,0,1,1,0.294
Jos\xc3\xa9 Miranda,Minnesota,2,1,5,0,0.167
Kameron Misner,Tampa Bay,27,5,22,8,0.273
Garrett Mitchell,Milwaukee,9,0,3,3,0.286
Andruw Monasterio,Milwaukee,19,4,16,2,0.324
Yo\xc3\xa1n Moncada,Los Angeles,39,12,35,0,0.336
Mickey Moniak,Colorado,62,24,68,9,0.306
Coco Montes,Tampa Bay,0,0,1,0,0.2
Colson Montgomery,Chicago,43,21,55,0,0.311
Christian Moore,Los Angeles,20,7,16,3,0.284
Dylan Moore,"Seattle,Texas",35,11,25,14,0.267
Christopher Morel,Tampa Bay,37,11,33,7,0.289
Gabriel Moreno,Arizona,44,9,40,2,0.353
Ryan Mountcastle,Baltimore,34,7,35,3,0.286
Cedric Mullins,"Baltimore,New York",58,17,59,22,0.299
Max Muncy,Los Angeles,56,22,70,4,0.373
Max Muncy,Athletics,17,9,23,1,0.259
Sean Murphy,Atlanta,34,16,45,0,0.3
Dane Myers,Miami,29,6,31,18,0.291
Carlos Narv\xc3\xa1ez,Boston,51,15,50,1,0.305
Omar Narv\xc3\xa1ez,Chicago,1,0,3,0,0.4
Brian Navarreto,Miami,3,1,5,0,0.267
Bo Naylor,Cleveland,47,15,50,1,0.279
Josh Naylor,"Arizona,Seattle",88,23,97,32,0.356
Ryne Nelson,Arizona,1,0,1,0,1.0
Zach Neto,Los Angeles,82,26,62,26,0.319
Kevin Newman,Los Angeles,13,2,11,1,0.209
Tom\xc3\xa1s Nido,Detroit,4,0,2,0,0.361
Brandon Nimmo,New York,81,25,92,13,0.324
Ryan Noda,"Baltimore,Chicago",3,1,2,1,0.276
Jhonkensy Noel,Cleveland,19,6,13,0,0.179
Austin Nola,Colorado,2,0,1,0,0.225
Lars Nootbaar,St. Louis,68,13,48,4,0.325
Connor Norby,Miami,42,8,34,8,0.3
Dom Nu\xc3\xb1ez,Cleveland,2,0,0,0,0.286
Nasim Nu\xc3\xb1ez,Washington,13,4,13,9,0.297
Ryan O\'Hearn,"Baltimore,San Diego",67,17,63,3,0.366
Logan O\'Hoppe,Los Angeles,35,19,43,2,0.258
Tyler O\'Neill,Baltimore,22,9,26,4,0.292
Shinnosuke Ogasawara,Washington,0,0,0,0,0.0
Shohei Ohtani,Los Angeles,159,63,116,21,0.393
Matt Olson,Atlanta,98,29,95,1,0.366
Jonathan Ornelas,"Atlanta,Texas",1,0,0,0,0.3
Tirso Ornelas,San Diego,0,0,1,0,0.188
Joey Ortiz,Milwaukee,63,7,45,14,0.274
Alejandro Osuna,Texas,12,2,15,5,0.313
James Outman,"Los Angeles,Minnesota",19,6,11,1,0.216
Marcell Ozuna,Atlanta,61,21,68,0,0.355
Andy Pages,Los Angeles,76,27,87,14,0.297
Pedro Pag\xc3\xa9s,St. Louis,38,11,45,0,0.272
Joshua Palacios,Chicago,11,3,9,0,0.292
Richie Palacios,Tampa Bay,10,1,3,4,0.396
Isaac Paredes,Houston,53,20,53,0,0.352
Kyren Paris,Los Angeles,20,6,11,7,0.266
Vinnie Pasquantino,Kansas City,72,32,113,1,0.323
Graham Pauley,Miami,18,4,11,2,0.311
Joc Pederson,Texas,28,9,26,2,0.285
Liover Peguero,Pittsburgh,9,4,8,4,0.273
Jeremy Pe\xc3\xb1a,Houston,68,17,62,20,0.363
Oswald Peraza,"Los Angeles,New York",24,5,20,9,0.223
Geraldo Perdomo,Arizona,98,20,100,27,0.389
Jhonny Pereda,"Athletics,Minnesota",4,0,4,0,0.325
Everson Pereira,Tampa Bay,7,2,8,2,0.219
Salvador Perez,Kansas City,54,30,100,0,0.284
Wenceel P\xc3\xa9rez,Detroit,49,13,45,8,0.299
Blake Perkins,Milwaukee,26,3,20,7,0.302
Tristan Peters,Tampa Bay,0,0,0,0,0.0
Tommy Pham,Pittsburgh,44,10,52,5,0.33
Kevin Pillar,Texas,6,0,1,3,0.209
Jorge Polanco,Seattle,71,29,86,6,0.321
Logan Porter,San Francisco,2,0,1,0,0.333
Yohel Pozo,St. Louis,16,5,19,0,0.262
C\xc3\xa9sar Prieto,St. Louis,0,0,0,0,0.167
Jurickson Profar,Atlanta,56,14,43,9,0.353
Edgar Quero,Chicago,31,5,36,0,0.333
Ceddanne Rafaela,Boston,86,16,63,20,0.292
Cal Raleigh,Seattle,118,65,133,14,0.362
Luke Raley,Seattle,24,4,19,2,0.317
Agust\xc3\xadn Ram\xc3\xadrez,Miami,72,21,67,16,0.287
Jos\xc3\xa9 Ram\xc3\xadrez,Cleveland,104,30,86,44,0.362
Bryan Ramos,Chicago,1,0,2,0,0.167
Heliot Ramos,San Francisco,85,21,69,6,0.328
John Rave,Kansas City,18,4,14,7,0.283
Colin Rea,Chicago,0,0,0,0,0.0
J.T. Realmuto,Philadelphia,60,13,55,8,0.316
Rob Refsnyder,Boston,29,9,30,3,0.349
Hunter Renfroe,Kansas City,5,0,4,0,0.241
Luis Rengifo,Los Angeles,55,9,43,10,0.287
Pablo Reyes,New York,4,0,2,1,0.242
Bryan Reynolds,Pittsburgh,68,16,73,3,0.318
Ben Rice,New York,76,27,69,3,0.335
Austin Riley,Atlanta,54,16,54,2,0.309
Ryan Ritter,Colorado,22,1,18,3,0.296
Leo Rivas,Seattle,20,2,10,6,0.371
Emmanuel Rivera,Baltimore,5,0,13,1,0.291
Sebasti\xc3\xa1n Rivero,Los Angeles,4,0,2,1,0.206
Luis Robert Jr.,Chicago,52,14,53,33,0.297
Will Robertson,"Chicago,Toronto",2,0,9,0,0.173
Chuckie Robinson,Los Angeles,1,0,0,0,0.0
V\xc3\xadctor Robles,Seattle,13,1,9,6,0.289
Brayan Rocchio,Cleveland,36,6,45,8,0.289
Alan Roden,"Minnesota,Toronto",17,2,9,1,0.261
Brendan Rodgers,Houston,12,2,11,0,0.266
Endy Rodr\xc3\xadguez,Pittsburgh,5,0,2,0,0.246
Johnathan Rodr\xc3\xadguez,Cleveland,6,2,10,1,0.25
Julio Rodr\xc3\xadguez,Seattle,112,36,104,30,0.323
Jake Rogers,Detroit,15,3,19,0,0.282
Trevor Rogers,Baltimore,0,0,0,0,0.0
Johan Rojas,Philadelphia,23,1,18,12,0.28
Josh Rojas,Chicago,14,2,11,4,0.252
Miguel Rojas,Los Angeles,38,8,29,5,0.318
Drew Romo,Colorado,0,0,0,0,0.0
Brent Rooker,Athletics,92,30,89,6,0.335
Ben Rortvedt,"Los Angeles,Tampa Bay",11,1,11,0,0.256
Amed Rosario,"New York,Washington",22,6,24,1,0.308
Eddie Rosario,"Atlanta,Los Angeles",1,0,0,0,0.125
Esteury Ruiz,Los Angeles,2,1,2,4,0.261
Keibert Ruiz,Washington,19,2,25,0,0.277
Dalton Rushing,Los Angeles,15,4,24,0,0.256
Adley Rutschman,Baltimore,37,9,29,0,0.307
Blake Sabol,Boston,2,0,1,0,0.167
Thomas Saggese,St. Louis,25,2,25,3,0.299
C\xc3\xa9sar Salazar,Houston,0,0,1,0,0.375
Ali S\xc3\xa1nchez,"Boston,Toronto",2,0,0,0,0.217
Gary S\xc3\xa1nchez,Baltimore,13,5,24,0,0.297
Jes\xc3\xbas S\xc3\xa1nchez,"Houston,Miami",61,14,48,13,0.304
Javier Sanoja,Miami,40,6,38,6,0.287
Carlos Santana,"Chicago,Cleveland",49,11,54,7,0.308
Anthony Santander,Toronto,17,6,20,0,0.27
Nolan Schanuel,Los Angeles,64,12,53,5,0.353
Casey Schmitt,San Francisco,34,12,40,0,0.305
Daniel Schneemann,Cleveland,49,12,42,9,0.283
Davis Schneider,Toronto,37,12,32,3,0.359
Max Schuemann,Athletics,20,2,13,7,0.295
Aaron Schunk,Colorado,1,0,0,0,0.188
Kyle Schwarber,Philadelphia,113,58,135,10,0.363
Victor Scott II,St. Louis,54,5,37,34,0.305
Corey Seager,Texas,61,21,50,3,0.373
Anthony Seigler,Milwaukee,6,0,5,2,0.292
Marcus Semien,Texas,62,15,62,11,0.305
Hayden Senger,New York,8,0,4,0,0.221
Bob Seymour,Tampa Bay,9,1,5,1,0.253
Matt Shaw,Chicago,57,13,45,18,0.296
Gavin Sheets,San Diego,57,19,71,2,0.316
Zack Short,Houston,9,2,7,0,0.291
Michael Siani,St. Louis,4,0,0,0,0.316
Ronny Simon,"Miami,Pittsburgh",10,0,7,1,0.299
Chandler Simpson,Tampa Bay,53,0,26,44,0.326
Jon Singleton,Houston,0,0,0,0,0.111
Jose Siri,New York,7,0,1,2,0.167
Austin Slater,"Chicago,New York",22,5,13,1,0.27
Cam Smith,Houston,55,9,51,8,0.312
Dominic Smith,San Francisco,26,5,33,2,0.333
Josh Smith,Texas,70,10,35,12,0.335
Pavin Smith,Arizona,36,8,28,2,0.362
Will Smith,Los Angeles,72,19,69,2,0.398
Tyler Soderstrom,Athletics,75,25,93,8,0.346
Nick Sogard,Boston,14,0,9,2,0.318
Nick Solak,Pittsburgh,0,0,0,0,0.091
Donovan Solano,"Seattle,Texas",10,3,21,0,0.291
Jorge Soler,Los Angeles,31,12,34,0,0.293
Edmundo Sosa,Philadelphia,30,11,39,1,0.308
Lenyn Sosa,Chicago,57,22,75,2,0.293
Juan Soto,New York,120,43,105,38,0.396
George Springer,Toronto,120,36,94,18,0.393
Jacob Stallings,"Baltimore,Colorado",5,0,9,0,0.195
Giancarlo Stanton,New York,37,24,70,0,0.342
Spencer Steer,Cincinnati,66,21,76,7,0.314
Michael Stefanic,Toronto,1,0,0,0,0.28
Tyler Stephenson,Cincinnati,40,13,52,0,0.311
Chad Stevens,Los Angeles,1,0,0,0,0.154
Cal Stevenson,Philadelphia,0,0,1,0,0.25
Sal Stewart,Cincinnati,11,5,12,1,0.317
Trevor Story,Boston,93,26,99,32,0.309
Bryson Stott,Philadelphia,66,13,66,25,0.324
Kyle Stowers,Miami,61,25,73,5,0.368
Myles Straw,Toronto,53,4,33,12,0.303
CJ Stubbs,Washington,0,0,0,0,0.0
Garrett Stubbs,Philadelphia,2,0,0,0,0.0
Eugenio Su\xc3\xa1rez,"Arizona,Seattle",95,52,126,4,0.297
Brett Sullivan,Pittsburgh,1,0,2,0,0.333
Jack Suwinski,Pittsburgh,15,3,10,7,0.281
Seiya Suzuki,Chicago,79,35,108,5,0.322
Dansby Swanson,Chicago,85,24,78,20,0.297
Trey Sweeney,Detroit,36,6,32,3,0.258
Fernando Tatis Jr.,San Diego,113,25,71,33,0.364
Mike Tauchman,Chicago,44,9,40,0,0.356
Leody Taveras,"Seattle,Texas",13,3,17,9,0.226
Tim Tawa,Arizona,29,7,18,8,0.274
Chris Taylor,Los Angeles,15,2,12,2,0.256
Michael A. Taylor,Chicago,33,9,35,8,0.259
Samad Taylor,Seattle,1,0,0,0,0.125
Tyrone Taylor,New York,34,2,27,12,0.279
Kyle Teel,Chicago,38,8,35,3,0.375
Rowdy Tellez,"Seattle,Texas",34,17,49,1,0.276
Jos\xc3\xa9 Tena,Washington,19,0,16,3,0.314
Bryce Teodosio,Los Angeles,12,1,7,7,0.248
Matt Thaiss,"Chicago,Tampa Bay",16,1,16,1,0.349
Alek Thomas,Arizona,51,9,38,7,0.289
Colby Thomas,Athletics,20,6,19,2,0.267
Lane Thomas,Cleveland,10,4,11,4,0.246
Rhylan Thomas,Seattle,2,0,2,0,0.2
Michael Toglia,Colorado,22,11,32,3,0.258
Tyler Tolbert,Kansas City,19,1,6,20,0.321
Spencer Torkelson,Detroit,85,31,84,2,0.331
Abraham Toro,Boston,33,7,27,2,0.289
Luis Torrens,New York,20,5,29,1,0.284
Gleyber Torres,Detroit,81,17,75,4,0.356
Ezequiel Tovar,Colorado,44,9,33,5,0.294
Taylor Trammell,Houston,15,3,12,3,0.296
Alan Trejo,Colorado,3,0,1,0,0.19
Jose Trevino,Cincinnati,30,4,22,0,0.272
Jared Triolo,Pittsburgh,41,7,24,13,0.311
Chadwick Tromp,"Atlanta,Baltimore",2,1,1,0,0.182
Mike Trout,Los Angeles,73,26,64,2,0.359
Kyle Tucker,Chicago,96,23,74,25,0.377
Brice Turang,Milwaukee,99,19,84,24,0.349
Justin Turner,Chicago,14,3,18,2,0.29
Trea Turner,Philadelphia,95,15,72,38,0.354
Luis Ur\xc3\xadas,Athletics,27,8,25,2,0.315
Ram\xc3\xb3n Ur\xc3\xadas,"Baltimore,Houston",33,11,44,3,0.292
Gio Urshela,Athletics,10,0,20,0,0.287
Enmanuel Valdez,Pittsburgh,7,2,12,0,0.294
George Valera,Cleveland,9,3,6,0,0.327
Ildemaro Vargas,Arizona,12,3,19,0,0.292
Miguel Vargas,Chicago,80,16,60,6,0.316
Daulton Varsho,Toronto,55,23,65,2,0.284
Andrew Vaughn,"Chicago,Milwaukee",39,16,69,0,0.305
Terrin Vavra,Baltimore,0,0,0,0,0.0
Christian V\xc3\xa1zquez,Minnesota,14,3,14,1,0.271
Luis V\xc3\xa1zquez,Baltimore,6,1,3,2,0.208
Zac Veen,Colorado,1,1,2,1,0.189
Alex Verdugo,Atlanta,21,0,12,1,0.296
Mark Vientos,New York,44,17,61,1,0.289
Matt Vierling,Detroit,6,1,11,2,0.31
Ryan Vilade,"Cincinnati,St. Louis",1,0,0,0,0.2
David Villar,San Francisco,4,0,1,0,0.36
Jorbit Vivas,New York,6,1,5,0,0.266
Anthony Volpe,New York,67,20,74,18,0.268
LaMonte Wade Jr.,"Los Angeles,San Francisco",19,2,18,1,0.271
Tyler Wade,San Diego,13,0,9,1,0.309
Eric Wagaman,Miami,56,9,53,4,0.296
Will Wagner,"San Diego,Toronto",15,0,7,1,0.324
Christian Walker,Houston,72,27,88,2,0.297
Jordan Walker,St. Louis,40,6,41,10,0.278
Matt Wallner,Minnesota,47,22,40,4,0.311
Taylor Walls,Tampa Bay,36,4,38,14,0.28
Donovan Walton,Philadelphia,1,0,1,0,0.125
Taylor Ward,Los Angeles,86,36,103,4,0.317
Drew Waters,Kansas City,21,1,14,5,0.288
Austin Wells,New York,52,21,74,5,0.274
Jordan Westburg,Baltimore,59,17,41,1,0.313
Shay Whitcomb,Houston,4,1,1,0,0.125
Eli White,Atlanta,43,10,35,10,0.27
Joey Wiemer,Miami,7,3,12,0,0.279
Carson Williams,Tampa Bay,11,5,12,2,0.219
Luke Williams,Atlanta,5,0,5,5,0.176
Ben Williamson,Seattle,36,1,21,5,0.294
Jacob Wilson,Athletics,62,13,63,5,0.355
Weston Wilson,Philadelphia,15,5,17,2,0.282
Will Wilson,Cleveland,7,0,2,2,0.267
Jesse Winker,New York,8,1,10,1,0.309
Jack Winkler,Miami,2,0,0,1,0.25
Masyn Winn,St. Louis,72,9,51,9,0.31
Brett Wisely,"Atlanta,San Francisco",5,1,10,1,0.279
Bobby Witt Jr.,Kansas City,99,23,88,38,0.351
Connor Wong,Boston,16,0,7,2,0.262
James Wood,Washington,87,31,94,15,0.35
Gage Workman,Chicago,0,0,2,1,0.235
Austin Wynns,"Athletics,Cincinnati",13,6,21,0,0.321
Mike Yastrzemski,"Kansas City,San Francisco",68,17,46,7,0.333
Christian Yelich,Milwaukee,91,29,103,17,0.34
Nick Yorke,Pittsburgh,7,1,8,1,0.264
Masataka Yoshida,Boston,16,4,28,3,0.316
Cole Young,Seattle,24,4,24,1,0.302
Jacob Young,Washington,34,2,31,15,0.296
Jared Young,New York,5,4,6,0,0.234
